rank,player,team,dropbacks,disrupted_dropbacks,disruption_rate,clean_epa_per_dropback,disrupted_epa_per_dropback,epa_change_when_disrupted,positive_epa_rate_when_disrupted,sack_rate_when_disrupted,turnover_rate_when_disrupted,disruption_performance_grade
1,D.Prescott,DAL,631,95,15.055,0.299,-0.498,-0.797,26.316,32.632,3.158,88.934
2,P.Mahomes,KC,537,102,18.994,0.251,-0.4,-0.652,19.608,33.333,1.961,86.891
3,M.Stafford,LA,617,78,12.642,0.379,-0.687,-1.067,21.795,29.487,2.564,86.705
4,B.Nix,DEN,638,71,11.129,0.194,-0.664,-0.857,21.127,30.986,5.634,84.29
5,D.Maye,NE,540,94,17.407,0.509,-0.648,-1.157,25.532,50.0,4.255,83.361
6,B.Young,CAR,506,77,15.217,0.08,-0.728,-0.809,23.377,35.065,3.896,83.361
7,J.Goff,DET,614,117,19.055,0.402,-0.793,-1.195,20.513,32.479,5.128,81.131
8,J.Love,GB,461,70,15.184,0.426,-0.8,-1.227,20.0,30.0,8.571,79.831
9,J.Herbert,LAC,566,129,22.792,0.285,-0.84,-1.125,17.054,41.86,3.101,76.672
10,C.Stroud,HOU,446,59,13.229,0.256,-0.869,-1.125,15.254,38.983,1.695,75.743
11,C.Williams,CHI,594,67,11.279,0.196,-0.905,-1.1,14.925,35.821,1.493,75.0
12,T.Lawrence,JAX,600,85,14.167,0.214,-0.846,-1.059,15.294,48.235,4.706,73.514
13,J.Brissett,ARI,530,106,20.0,0.234,-0.968,-1.201,19.811,40.566,4.717,71.842
14,S.Darnold,SEA,502,63,12.55,0.313,-0.997,-1.311,22.222,42.857,12.698,70.913
15,J.Allen,BUF,506,71,14.032,0.316,-0.929,-1.245,14.085,56.338,4.225,67.754
16,A.Rodgers,PIT,526,58,11.027,0.188,-1.034,-1.222,13.793,50.0,3.448,66.639
17,J.Hurts,PHI,486,57,11.728,0.221,-1.054,-1.275,10.526,56.14,1.754,64.41
18,C.Ward,TEN,592,108,18.243,0.066,-1.306,-1.372,12.963,50.926,7.407,62.18
19,G.Smith,LV,503,99,19.682,0.155,-1.374,-1.529,11.111,55.556,3.03,61.809
20,B.Mayfield,TB,584,56,9.589,0.14,-1.307,-1.447,5.357,64.286,5.357,60.0
